order_id,return_date,return_reason,refund_amount
ORD000014,2023-03-16,Changed Mind,8993.86
ORD000016,2025-06-19,Size Issue,48165.27
ORD000021,2023-07-01,Product Damaged,47141.48
ORD000023,2023-09-03,Size Issue,22368.28
ORD000030,2023-12-10,Better Price Found Elsewhere,11317.12
ORD000040,2024-03-04,Size Issue,18263.18
ORD000041,2023-12-10,Size Issue,10606.83
ORD000043,2025-08-04,Wrong Item Delivered,96998.16
ORD000046,2024-12-31,Size Issue,41224.22
ORD000061,2024-05-07,Size Issue,17838.99
ORD000070,2023-09-30,Late Delivery,60760.42
ORD000081,2025-02-04,Quality Not as Expected,15897.48
ORD000083,2024-01-25,Changed Mind,35188.98
ORD000085,2024-12-04,Changed Mind,11915.89
ORD000086,2024-11-23,Quality Not as Expected,48335.54
ORD000090,2024-10-19,Quality Not as Expected,28420.75
ORD000100,2023-12-06,Changed Mind,17918.46
ORD000104,2025-04-13,Changed Mind,3275.51
ORD000136,2024-06-19,Late Delivery,47844.7
ORD000141,2024-12-03,Wrong Item Delivered,8487.69
ORD000163,2023-12-30,Better Price Found Elsewhere,17975.59
ORD000167,2023-03-05,Wrong Item Delivered,9183.21
ORD000168,2025-06-25,Product Damaged,23964.54
ORD000173,2024-10-28,Product Damaged,21096.19
ORD000178,2024-06-02,Product Damaged,18756.13
ORD000182,2024-04-08,Late Delivery,21943.22
ORD000185,2024-10-23,Better Price Found Elsewhere,23386.73
ORD000198,2023-09-24,Product Damaged,20803.18
ORD000203,2025-04-02,Product Damaged,10331.11
ORD000212,2023-07-08,Late Delivery,3723.21
ORD000222,2023-12-03,Size Issue,69111.19
ORD000231,2025-04-26,Late Delivery,10606.83
ORD000237,2025-04-27,Product Damaged,2978.57
ORD000243,2024-08-25,Wrong Item Delivered,20733.73
ORD000244,2023-08-08,Quality Not as Expected,22217.39
ORD000245,2023-08-17,Better Price Found Elsewhere,8321.27
ORD000251,2023-07-22,Size Issue,24249.54
ORD000254,2025-02-03,Quality Not as Expected,25782.26
ORD000258,2024-05-17,Better Price Found Elsewhere,22179.33
ORD000265,2023-10-28,Size Issue,26981.58
ORD000272,2024-12-24,Product Damaged,33894.08
ORD000276,2024-03-05,Size Issue,39473.43
ORD000277,2025-06-07,Quality Not as Expected,53999.42
ORD000279,2025-06-05,Quality Not as Expected,10401.59
ORD000288,2023-08-08,Changed Mind,39757.44
ORD000293,2024-03-31,Size Issue,18709.38
ORD000308,2025-07-24,Wrong Item Delivered,10757.18
ORD000315,2023-11-10,Wrong Item Delivered,20612.11
ORD000320,2024-12-06,Size Issue,2620.41
ORD000324,2024-12-05,Late Delivery,10661.58
ORD000325,2024-07-21,Product Damaged,23098.13
ORD000331,2025-03-02,Size Issue,63589.92
ORD000332,2023-02-19,Changed Mind,25181.42
ORD000337,2024-06-16,Quality Not as Expected,15013.86
ORD000340,2023-02-18,Product Damaged,54048.7
ORD000341,2023-10-15,Product Damaged,19894.52
ORD000345,2024-03-12,Changed Mind,7393.11
ORD000350,2023-05-22,Quality Not as Expected,23386.73
ORD000351,2025-03-05,Product Damaged,17838.99
ORD000361,2023-06-22,Wrong Item Delivered,39394.09
ORD000368,2025-05-07,Size Issue,13618.92
ORD000373,2024-03-07,Late Delivery,26999.71
ORD000383,2025-05-10,Better Price Found Elsewhere,37534.66
ORD000387,2025-04-03,Better Price Found Elsewhere,50362.84
ORD000396,2023-05-09,Wrong Item Delivered,40973.92
ORD000406,2024-07-21,Late Delivery,16111.84
ORD000415,2025-02-17,Quality Not as Expected,15060.77
ORD000419,2023-02-08,Wrong Item Delivered,41680.28
ORD000420,2025-03-20,Late Delivery,10331.11
ORD000424,2025-05-24,Better Price Found Elsewhere,10401.59
ORD000434,2024-03-11,Late Delivery,15897.48
ORD000437,2023-04-07,Changed Mind,35188.98
ORD000438,2023-10-19,Late Delivery,21824.59
ORD000446,2024-10-24,Better Price Found Elsewhere,45473.2
ORD000450,2024-10-22,Changed Mind,56959.71
ORD000451,2024-08-12,Late Delivery,25181.42
ORD000457,2024-10-21,Product Damaged,11576.08
ORD000462,2023-11-08,Wrong Item Delivered,18986.57
ORD000466,2023-05-14,Late Delivery,42192.38
ORD000467,2024-06-15,Size Issue,14786.22
ORD000476,2023-02-05,Wrong Item Delivered,18756.13
ORD000484,2024-06-20,Product Damaged,35356.11
ORD000486,2023-01-24,Quality Not as Expected,87972.45
ORD000496,2024-11-21,Changed Mind,25062.87
ORD000502,2024-10-05,Better Price Found Elsewhere,46773.46
ORD000505,2024-09-09,Changed Mind,23386.73
ORD000506,2024-04-08,Wrong Item Delivered,47141.48
ORD000517,2023-10-30,Quality Not as Expected,35951.17
ORD000518,2024-06-02,Changed Mind,17975.59
ORD000521,2025-01-26,Size Issue,28420.75
ORD000528,2024-08-21,Product Damaged,10184.93
ORD000535,2024-10-31,Late Delivery,18767.33
ORD000540,2023-08-21,Product Damaged,12937.97
ORD000545,2023-04-18,Better Price Found Elsewhere,16734.19
ORD000547,2025-01-06,Product Damaged,48790.88
ORD000551,2024-04-01,Changed Mind,37534.66
ORD000556,2024-05-15,Late Delivery,12543.04
ORD000560,2025-02-18,Wrong Item Delivered,20486.96
ORD000575,2024-05-08,Wrong Item Delivered,49760.95
ORD000577,2023-10-24,Late Delivery,21514.36
ORD000591,2024-05-04,Size Issue,25561.49
ORD000604,2024-03-31,Quality Not as Expected,19362.92
ORD000607,2023-03-06,Size Issue,57120.63
ORD000609,2023-06-20,Changed Mind,21827.5
ORD000628,2024-10-19,Product Damaged,51358.82
ORD000632,2023-08-02,Quality Not as Expected,22217.39
ORD000639,2025-01-19,Changed Mind,7921.98
ORD000640,2025-04-13,Late Delivery,41680.28
ORD000642,2023-02-06,Product Damaged,20840.14
ORD000643,2024-03-24,Wrong Item Delivered,15060.77
ORD000645,2024-03-15,Wrong Item Delivered,62520.42
ORD000650,2023-04-20,Quality Not as Expected,30380.21
ORD000651,2025-02-14,Wrong Item Delivered,62094.81
ORD000667,2024-02-27,Late Delivery,10606.83
ORD000670,2023-08-14,Size Issue,24514.06
ORD000671,2024-09-23,Late Delivery,51564.52
ORD000688,2024-09-24,Quality Not as Expected,46773.46
ORD000689,2023-04-01,Product Damaged,20840.14
ORD000691,2025-04-29,Late Delivery,26981.58
ORD000696,2023-06-03,Better Price Found Elsewhere,31794.96
ORD000710,2023-04-01,Wrong Item Delivered,75024.5
ORD000716,2023-12-21,Wrong Item Delivered,20145.14
ORD000718,2023-02-26,Product Damaged,21827.5
ORD000720,2025-02-23,Better Price Found Elsewhere,19633.41
ORD000721,2023-12-08,Wrong Item Delivered,121247.7
ORD000723,2025-03-28,Product Damaged,47368.12
ORD000731,2024-09-30,Size Issue,16975.39
ORD000738,2025-08-02,Product Damaged,10219.32
ORD000744,2024-04-14,Product Damaged,23386.73
ORD000747,2023-03-23,Changed Mind,18861.54
ORD000749,2024-02-10,Product Damaged,10784.04
ORD000750,2024-03-16,Wrong Item Delivered,28151.18
ORD000756,2024-06-05,Quality Not as Expected,32873.72
ORD000771,2023-04-18,Quality Not as Expected,22958.02
ORD000773,2024-10-14,Wrong Item Delivered,14892.84
ORD000775,2024-12-01,Quality Not as Expected,13618.92
ORD000778,2025-01-14,Changed Mind,24157.64
ORD000779,2024-03-17,Product Damaged,17902.05
ORD000781,2025-05-01,Product Damaged,9430.77
ORD000783,2024-03-27,Late Delivery,22663.28
ORD000788,2025-01-24,Wrong Item Delivered,9143.6
ORD000797,2024-02-03,Better Price Found Elsewhere,57120.63
ORD000798,2025-06-28,Size Issue,17975.59
ORD000805,2024-06-18,Better Price Found Elsewhere,21565.22
ORD000809,2023-03-04,Quality Not as Expected,16947.04
ORD000818,2023-05-18,Quality Not as Expected,54048.7
ORD000821,2023-01-25,Wrong Item Delivered,10034.43
ORD000824,2024-07-23,Late Delivery,54048.7
ORD000828,2023-09-10,Late Delivery,10661.58
ORD000831,2025-01-27,Changed Mind,11982.27
ORD000834,2023-03-26,Better Price Found Elsewhere,7782.22
ORD000836,2025-06-01,Size Issue,7782.22
ORD000839,2025-08-06,Quality Not as Expected,79487.4
ORD000840,2024-12-28,Product Damaged,40290.27
ORD000841,2023-08-27,Quality Not as Expected,35657.93
ORD000849,2023-04-22,Better Price Found Elsewhere,71727.05
ORD000850,2023-06-13,Better Price Found Elsewhere,24249.54
ORD000856,2024-01-06,Changed Mind,80165.52
ORD000865,2025-07-04,Better Price Found Elsewhere,24249.54
ORD000868,2025-05-24,Size Issue,16734.19
ORD000881,2024-11-27,Better Price Found Elsewhere,20840.14
ORD000883,2023-07-06,Quality Not as Expected,23386.73
ORD000889,2025-03-07,Better Price Found Elsewhere,15060.05
ORD000893,2024-02-27,Changed Mind,19399.63
ORD000900,2024-09-15,Late Delivery,16947.04
ORD000902,2025-06-28,Size Issue,33429.53
ORD000920,2024-02-13,Wrong Item Delivered,8780.13
ORD000921,2025-05-08,Late Delivery,20486.96
ORD000926,2025-01-15,Size Issue,24493.15
ORD000930,2025-06-28,Wrong Item Delivered,16734.19
ORD000945,2023-03-17,Changed Mind,72748.62
ORD000949,2025-04-27,Better Price Found Elsewhere,108097.4
ORD000955,2024-11-01,Changed Mind,44796.16
ORD000958,2024-05-06,Product Damaged,26508.22
ORD000959,2025-06-13,Product Damaged,17136.19
ORD000969,2024-04-04,Late Delivery,17918.46
ORD000971,2025-06-09,Changed Mind,8487.69
ORD000972,2023-12-19,Late Delivery,31204.77
ORD000987,2023-07-10,Size Issue,18934.44
ORD000988,2024-10-18,Wrong Item Delivered,20840.14
ORD000989,2025-05-07,Wrong Item Delivered,15897.48
ORD000994,2024-11-26,Wrong Item Delivered,40082.76
ORD001007,2023-02-10,Changed Mind,35188.98
ORD001008,2023-02-28,Changed Mind,35946.81
ORD001014,2024-03-11,Late Delivery,26315.62
ORD001018,2024-07-05,Changed Mind,20041.38
ORD001021,2023-05-15,Better Price Found Elsewhere,51346.26
ORD001022,2024-09-11,Better Price Found Elsewhere,18756.13
ORD001029,2023-03-01,Better Price Found Elsewhere,6551.02
ORD001039,2023-08-02,Better Price Found Elsewhere,7782.22
ORD001040,2025-01-30,Changed Mind,28401.66
ORD001041,2024-02-15,Product Damaged,27024.35
ORD001045,2023-11-08,Product Damaged,20041.38
ORD001051,2025-01-02,Quality Not as Expected,14786.22
ORD001061,2023-02-14,Product Damaged,9681.46
ORD001073,2024-02-11,Quality Not as Expected,38080.42
ORD001074,2025-02-11,Better Price Found Elsewhere,25875.95
ORD001076,2024-10-23,Product Damaged,25679.41
ORD001077,2023-07-24,Better Price Found Elsewhere,53999.42
ORD001085,2024-04-26,Late Delivery,10757.18
ORD001087,2024-08-21,Late Delivery,6551.02
ORD001091,2023-08-14,Size Issue,69294.39
ORD001103,2025-01-25,Late Delivery,9467.22
ORD001111,2023-10-09,Late Delivery,19697.04
ORD001112,2024-02-19,Wrong Item Delivered,59579.44
ORD001116,2023-02-16,Wrong Item Delivered,43886.45
ORD001121,2024-04-06,Better Price Found Elsewhere,19798.13
ORD001124,2024-11-22,Quality Not as Expected,9430.77
ORD001127,2023-07-15,Quality Not as Expected,71727.05
ORD001129,2023-11-11,Size Issue,19633.41
ORD001130,2025-01-08,Late Delivery,62520.42
ORD001153,2025-03-18,Changed Mind,3275.51
ORD001158,2024-07-29,Size Issue,15089.23
ORD001161,2024-08-12,Changed Mind,14224.06
ORD001162,2023-06-14,Product Damaged,23098.13
ORD001172,2024-11-23,Quality Not as Expected,13157.81
ORD001174,2023-08-26,Late Delivery,18263.18
ORD001193,2024-06-11,Product Damaged,54789.54
ORD001200,2023-04-03,Product Damaged,25673.13
ORD001206,2023-01-30,Changed Mind,16890.6
ORD001213,2024-03-22,Late Delivery,57722.4
ORD001229,2023-03-02,Wrong Item Delivered,102692.53
ORD001233,2023-04-22,Size Issue,25679.41
ORD001234,2023-12-20,Quality Not as Expected,10017.56
ORD001238,2024-06-13,Better Price Found Elsewhere,8993.86
ORD001243,2023-08-24,Quality Not as Expected,8841.35
ORD001252,2023-12-05,Late Delivery,37534.66
ORD001255,2023-09-25,Late Delivery,15897.48
ORD001260,2023-04-30,Quality Not as Expected,13157.81
ORD001262,2024-10-08,Changed Mind,39394.09
ORD001268,2025-02-04,Late Delivery,11785.37
ORD001271,2025-05-04,Changed Mind,25782.26
ORD001272,2024-03-13,Better Price Found Elsewhere,16734.19
ORD001281,2025-04-18,Size Issue,17931.76
ORD001285,2025-07-13,Late Delivery,22217.39
ORD001287,2023-05-12,Product Damaged,17931.76
ORD001297,2024-02-02,Product Damaged,20612.11
ORD001305,2023-10-17,Product Damaged,51346.26
ORD001315,2024-03-06,Late Delivery,23152.16
ORD001323,2024-09-24,Product Damaged,21565.22
ORD001327,2023-11-03,Wrong Item Delivered,21096.19
ORD001329,2023-09-17,Size Issue,7782.22
ORD001330,2023-06-28,Late Delivery,19802.3
ORD001331,2024-06-19,Better Price Found Elsewhere,42192.38
ORD001333,2023-10-30,Changed Mind,25823.18
ORD001334,2023-11-27,Product Damaged,14955.32
ORD001338,2023-10-14,Late Delivery,16890.6
ORD001341,2024-04-22,Product Damaged,69334.41
ORD001346,2024-12-06,Late Delivery,13618.92
ORD001350,2024-04-01,Late Delivery,21096.19
ORD001352,2025-06-22,Wrong Item Delivered,12937.97
ORD001361,2025-04-30,Late Delivery,105199.7
ORD001370,2024-09-07,Better Price Found Elsewhere,51646.36
ORD001374,2023-09-24,Quality Not as Expected,30380.21
ORD001382,2023-10-28,Quality Not as Expected,9183.21
ORD001383,2024-08-02,Wrong Item Delivered,62520.42
ORD001416,2024-01-28,Wrong Item Delivered,51358.82
ORD001431,2024-03-18,Better Price Found Elsewhere,63589.92
ORD001432,2023-02-08,Product Damaged,74837.54
ORD001439,2025-05-02,Quality Not as Expected,24321.92
ORD001443,2023-08-24,Wrong Item Delivered,10905.06
ORD001444,2023-04-25,Better Price Found Elsewhere,17902.05
ORD001448,2024-12-10,Late Delivery,21514.36
ORD001449,2024-07-02,Wrong Item Delivered,41224.22
ORD001457,2024-06-28,Size Issue,7446.42
ORD001463,2023-05-09,Better Price Found Elsewhere,18767.33
ORD001464,2023-06-17,Wrong Item Delivered,20840.14
ORD001473,2025-01-03,Better Price Found Elsewhere,22766.31
ORD001475,2023-04-12,Late Delivery,28420.75
ORD001484,2023-04-11,Size Issue,23098.13
ORD001488,2024-05-07,Better Price Found Elsewhere,17902.05
ORD001492,2025-05-18,Changed Mind,21514.36
ORD001504,2023-04-27,Changed Mind,9428.3
ORD001520,2023-08-03,Size Issue,7782.22
ORD001534,2025-01-20,Quality Not as Expected,42808.41
ORD001540,2024-09-29,Changed Mind,66688.45
ORD001551,2025-06-18,Wrong Item Delivered,14892.84
ORD001553,2023-06-12,Wrong Item Delivered,14008.0
ORD001556,2023-08-23,Product Damaged,21790.22
ORD001566,2025-07-19,Late Delivery,10757.18
ORD001567,2023-04-11,Changed Mind,41680.28
ORD001569,2024-04-24,Changed Mind,23098.13
ORD001572,2024-07-16,Better Price Found Elsewhere,9430.77
ORD001578,2023-07-26,Size Issue,8487.69
ORD001580,2023-04-30,Size Issue,10401.59
ORD001583,2023-04-24,Better Price Found Elsewhere,21048.06
ORD001584,2023-05-21,Size Issue,7544.62
ORD001589,2023-11-18,Changed Mind,20612.11
ORD001596,2024-06-11,Late Delivery,2292.86
ORD001603,2024-10-09,Better Price Found Elsewhere,25782.26
ORD001605,2025-08-07,Product Damaged,41680.28
ORD001608,2024-02-20,Quality Not as Expected,14786.22
ORD001613,2024-07-22,Wrong Item Delivered,8993.86
ORD001615,2025-06-02,Product Damaged,25568.45
ORD001617,2023-03-10,Better Price Found Elsewhere,2784.18
ORD001618,2025-07-21,Size Issue,64695.66
ORD001619,2023-11-26,Better Price Found Elsewhere,21502.53
ORD001625,2023-10-04,Better Price Found Elsewhere,3723.21
ORD001626,2024-11-16,Wrong Item Delivered,107021.03
ORD001631,2024-01-21,Better Price Found Elsewhere,19040.21
ORD001635,2024-04-03,Changed Mind,25673.13
ORD001636,2023-09-24,Wrong Item Delivered,36214.78
ORD001637,2025-01-07,Wrong Item Delivered,24752.87
ORD001638,2023-04-23,Size Issue,73321.75
ORD001653,2023-03-15,Wrong Item Delivered,13618.92
ORD001666,2024-02-14,Changed Mind,43649.17
ORD001667,2025-05-15,Quality Not as Expected,93546.92
ORD001668,2024-01-11,Better Price Found Elsewhere,111086.97
ORD001673,2024-06-11,Quality Not as Expected,33344.22
ORD001675,2023-10-20,Product Damaged,13157.81
ORD001691,2025-07-11,Quality Not as Expected,23098.13
ORD001707,2023-12-11,Size Issue,39596.27
ORD001708,2024-09-26,Product Damaged,12543.04
ORD001713,2023-03-16,Better Price Found Elsewhere,40290.27
ORD001714,2023-10-20,Product Damaged,48315.28
ORD001726,2023-12-27,Better Price Found Elsewhere,14513.61
ORD001735,2023-11-23,Size Issue,17626.99
ORD001737,2023-12-20,Size Issue,7074.1
ORD001743,2024-05-21,Product Damaged,16734.19
ORD001749,2024-12-03,Changed Mind,26656.29
ORD001753,2023-11-21,Wrong Item Delivered,9428.3
ORD001754,2023-03-14,Product Damaged,14271.19
ORD001755,2025-01-26,Product Damaged,34700.04
ORD001756,2024-03-29,Product Damaged,22736.6
ORD001758,2025-01-22,Better Price Found Elsewhere,25782.26
ORD001761,2025-02-10,Late Delivery,21039.94
ORD001763,2024-05-26,Changed Mind,15897.48
ORD001764,2023-07-20,Changed Mind,27024.35
ORD001766,2024-08-14,Product Damaged,16734.19
ORD001770,2023-01-26,Late Delivery,12257.03
ORD001772,2025-04-03,Size Issue,65747.45
ORD001775,2025-07-06,Better Price Found Elsewhere,25181.42
ORD001778,2025-06-07,Changed Mind,34728.25
ORD001787,2023-05-26,Wrong Item Delivered,14271.19
ORD001794,2023-03-15,Changed Mind,33468.38
ORD001804,2023-09-01,Wrong Item Delivered,111086.97
ORD001807,2024-06-19,Late Delivery,51358.82
ORD001812,2023-05-16,Quality Not as Expected,87298.34
ORD001822,2023-03-29,Late Delivery,32271.54
ORD001833,2023-04-21,Wrong Item Delivered,16714.77
ORD001836,2024-05-10,Changed Mind,22217.39
ORD001846,2024-07-08,Size Issue,22179.33
ORD001858,2023-12-31,Size Issue,52050.06
ORD001861,2024-02-08,Late Delivery,73052.72
ORD001862,2024-10-09,Late Delivery,23515.23
ORD001869,2023-01-31,Quality Not as Expected,7281.11
ORD001878,2024-06-08,Better Price Found Elsewhere,37629.12
ORD001887,2025-05-20,Wrong Item Delivered,10526.25
ORD001890,2023-09-10,Quality Not as Expected,63288.57
ORD001891,2023-04-05,Wrong Item Delivered,16672.11
ORD001896,2025-05-22,Quality Not as Expected,10784.04
ORD001898,2025-04-21,Better Price Found Elsewhere,11317.12
ORD001905,2024-03-29,Wrong Item Delivered,10401.59
ORD001907,2025-03-05,Late Delivery,72472.91
ORD001914,2023-12-04,Product Damaged,62520.42
ORD001923,2025-01-16,Product Damaged,19066.49
ORD001924,2023-05-12,Quality Not as Expected,8487.69
ORD001932,2025-02-22,Quality Not as Expected,11785.37
ORD001937,2023-11-05,Late Delivery,25679.41
ORD001943,2025-01-26,Product Damaged,10757.18
ORD001951,2025-06-17,Wrong Item Delivered,15564.44
ORD001955,2025-05-15,Better Price Found Elsewhere,19399.63
ORD001962,2023-09-08,Better Price Found Elsewhere,33173.97
ORD001967,2024-11-16,Quality Not as Expected,11785.37
ORD001971,2024-10-06,Better Price Found Elsewhere,46222.94
ORD001973,2024-11-16,Quality Not as Expected,7782.22
ORD001975,2025-04-04,Late Delivery,10757.18
ORD001976,2025-01-12,Wrong Item Delivered,16436.86
ORD001977,2023-10-13,Quality Not as Expected,7782.22
ORD001990,2024-08-06,Size Issue,28284.89
ORD001992,2023-12-21,Quality Not as Expected,62201.19
ORD001995,2023-01-14,Product Damaged,23204.03
ORD002002,2024-11-25,Size Issue,32685.41
ORD002006,2023-11-13,Product Damaged,30380.21
ORD002010,2025-06-12,Changed Mind,21790.27
ORD002012,2024-07-26,Wrong Item Delivered,37320.71
ORD002013,2024-12-07,Changed Mind,11288.74
ORD002025,2025-06-03,Wrong Item Delivered,31047.41
ORD002026,2025-04-07,Better Price Found Elsewhere,36526.36
ORD002033,2023-05-14,Changed Mind,20733.73
ORD002035,2025-03-03,Product Damaged,25679.41
ORD002040,2024-08-08,Changed Mind,8520.5
ORD002042,2023-09-10,Late Delivery,13137.13
ORD002045,2023-10-29,Quality Not as Expected,26274.26
ORD002048,2023-05-31,Late Delivery,24632.29
ORD002049,2025-03-28,Wrong Item Delivered,43238.96
ORD002054,2023-08-07,Wrong Item Delivered,7530.03
ORD002060,2025-06-02,Quality Not as Expected,22634.24
ORD002066,2025-03-11,Size Issue,13328.15
ORD002077,2024-07-05,Better Price Found Elsewhere,15564.44
ORD002078,2025-07-09,Changed Mind,39394.09
ORD002100,2023-01-12,Product Damaged,20035.13
ORD002105,2024-12-03,Wrong Item Delivered,10606.83
ORD002107,2025-07-01,Better Price Found Elsewhere,63340.16
ORD002120,2025-04-03,Better Price Found Elsewhere,25181.42
ORD002132,2023-10-26,Changed Mind,9881.51
ORD002136,2025-03-05,Late Delivery,19697.04
ORD002141,2024-06-26,Product Damaged,34504.35
ORD002144,2025-02-11,Wrong Item Delivered,56915.78
ORD002148,2023-02-15,Changed Mind,20840.14
ORD002151,2023-08-12,Product Damaged,10526.25
ORD002156,2024-05-10,Changed Mind,24249.54
ORD002158,2024-02-17,Quality Not as Expected,14955.32
ORD002159,2025-05-07,Wrong Item Delivered,20840.14
ORD002167,2023-02-15,Changed Mind,59394.4
ORD002171,2024-02-16,Better Price Found Elsewhere,11383.16
ORD002172,2023-04-08,Product Damaged,23964.54
ORD002178,2024-05-03,Wrong Item Delivered,30380.21
ORD002189,2024-10-06,Product Damaged,19362.92
ORD002199,2023-04-20,Changed Mind,7393.11
ORD002200,2024-06-01,Late Delivery,9881.51
ORD002202,2023-04-25,Size Issue,9494.19
ORD002205,2024-10-16,Wrong Item Delivered,20612.11
ORD002213,2024-10-06,Better Price Found Elsewhere,75024.5
ORD002222,2025-04-01,Size Issue,18767.33
ORD002246,2024-08-26,Quality Not as Expected,23098.13
ORD002270,2025-06-16,Product Damaged,57120.63
ORD002271,2023-11-26,Wrong Item Delivered,19844.66
ORD002289,2024-09-30,Product Damaged,20662.22
ORD002292,2025-02-06,Size Issue,14075.59
ORD002304,2023-10-27,Changed Mind,11317.12
ORD002305,2023-07-30,Changed Mind,10611.15
ORD002309,2023-12-12,Better Price Found Elsewhere,89144.82
ORD002312,2025-04-30,Size Issue,2606.25
ORD002314,2023-03-03,Quality Not as Expected,53706.15
ORD002326,2024-10-18,Quality Not as Expected,15216.74
ORD002328,2024-10-05,Changed Mind,64695.66
ORD002343,2025-04-01,Wrong Item Delivered,3350.89
ORD002350,2023-04-07,Wrong Item Delivered,35804.1
ORD002365,2023-12-07,Late Delivery,25782.26
ORD002369,2024-02-11,Changed Mind,25782.26
ORD002373,2024-01-30,Product Damaged,21824.59
ORD002375,2025-03-26,Quality Not as Expected,18767.33
ORD002380,2023-01-24,Product Damaged,41467.46
ORD002388,2024-12-26,Size Issue,40739.72
ORD002389,2024-09-15,Quality Not as Expected,48643.83
ORD002404,2023-01-14,Product Damaged,23386.73
ORD002408,2024-10-24,Late Delivery,22634.24
ORD002415,2025-04-28,Size Issue,30027.73
ORD002425,2025-07-25,Wrong Item Delivered,22736.6
ORD002431,2023-06-01,Product Damaged,22277.58
ORD002437,2024-11-23,Changed Mind,22277.58
ORD002438,2025-07-29,Changed Mind,17902.05
ORD002441,2023-12-25,Quality Not as Expected,18088.2
ORD002442,2024-08-24,Size Issue,10401.59
ORD002454,2025-05-01,Better Price Found Elsewhere,33173.97
ORD002459,2023-10-09,Quality Not as Expected,30191.31
ORD002463,2024-11-09,Size Issue,19697.04
ORD002466,2023-11-16,Changed Mind,54525.3
ORD002474,2023-03-06,Product Damaged,33468.38
ORD002522,2024-04-15,Size Issue,6551.02
ORD002527,2024-07-03,Late Delivery,30380.21
ORD002528,2024-06-18,Size Issue,7573.78
ORD002530,2025-01-12,Product Damaged,50362.84
ORD002531,2024-03-28,Changed Mind,20840.14
ORD002532,2024-11-23,Quality Not as Expected,99011.48
ORD002540,2023-11-06,Wrong Item Delivered,32337.38
ORD002543,2024-01-28,Quality Not as Expected,54264.6
ORD002547,2025-07-01,Size Issue,37723.08
ORD002563,2024-07-02,Quality Not as Expected,6551.02
ORD002570,2023-01-21,Quality Not as Expected,2784.18
ORD002584,2025-03-23,Changed Mind,42602.49
ORD002594,2024-01-26,Size Issue,26981.58
ORD002597,2023-11-05,Changed Mind,13618.92
ORD002598,2023-01-28,Size Issue,11785.37
ORD002601,2023-11-11,Better Price Found Elsewhere,22277.58
ORD002602,2024-01-27,Product Damaged,20840.14
ORD002610,2024-04-14,Late Delivery,21514.36
ORD002626,2025-01-13,Better Price Found Elsewhere,42192.38
ORD002638,2025-05-17,Size Issue,10526.25
ORD002641,2024-03-26,Better Price Found Elsewhere,85034.74
ORD002649,2025-03-07,Product Damaged,23964.54
ORD002652,2024-08-29,Better Price Found Elsewhere,32873.72
ORD002660,2023-05-01,Quality Not as Expected,14271.19
ORD002678,2023-01-18,Product Damaged,8047.14
ORD002691,2024-09-11,Quality Not as Expected,62715.2
ORD002697,2023-12-04,Better Price Found Elsewhere,60760.42
ORD002704,2023-01-12,Size Issue,32271.54
ORD002709,2023-01-29,Late Delivery,11479.01
ORD002715,2023-10-17,Late Delivery,20486.96
ORD002720,2023-10-02,Size Issue,7782.22
ORD002727,2025-04-01,Quality Not as Expected,11196.1
ORD002733,2024-10-17,Better Price Found Elsewhere,77038.23
ORD002737,2023-03-16,Quality Not as Expected,40973.92
ORD002741,2024-05-15,Size Issue,32715.18
ORD002751,2025-06-03,Quality Not as Expected,116933.65
ORD002762,2024-12-24,Better Price Found Elsewhere,24632.29
ORD002769,2023-07-12,Better Price Found Elsewhere,15216.74
ORD002772,2023-02-05,Quality Not as Expected,32064.62
ORD002777,2023-09-03,Changed Mind,27024.35
ORD002783,2025-02-12,Late Delivery,45718.02
ORD002786,2023-11-25,Better Price Found Elsewhere,20840.14
ORD002790,2023-12-02,Size Issue,6225.78
ORD002791,2023-03-02,Size Issue,22958.02
ORD002795,2025-01-08,Size Issue,35747.66
ORD002810,2024-08-22,Product Damaged,34013.89
ORD002812,2024-10-13,Product Damaged,17838.99
ORD002824,2025-04-09,Quality Not as Expected,37973.14
ORD002825,2024-08-17,Late Delivery,21565.22
ORD002830,2023-11-13,Quality Not as Expected,90946.4
ORD002834,2023-03-16,Wrong Item Delivered,19798.13
ORD002840,2024-02-08,Size Issue,36660.87
ORD002849,2024-12-13,Changed Mind,3275.51
ORD002853,2023-05-27,Changed Mind,31204.77
ORD002856,2023-12-18,Better Price Found Elsewhere,10606.83
ORD002861,2024-05-02,Quality Not as Expected,25782.26
ORD002862,2025-03-06,Changed Mind,23386.73
ORD002875,2024-07-04,Wrong Item Delivered,23204.03
ORD002881,2025-01-21,Quality Not as Expected,10661.58
ORD002904,2023-02-12,Product Damaged,21619.48
ORD002907,2023-06-17,Size Issue,5895.92
ORD002913,2023-01-31,Wrong Item Delivered,64689.87
ORD002915,2025-05-21,Product Damaged,121977.2
ORD002918,2023-12-30,Better Price Found Elsewhere,25578.68
ORD002932,2023-05-22,Size Issue,59636.16
ORD002938,2024-07-29,Better Price Found Elsewhere,51358.82
ORD002943,2023-07-08,Changed Mind,23386.73
ORD002944,2024-05-22,Size Issue,60760.42
ORD002945,2025-01-17,Quality Not as Expected,37534.66
ORD002952,2025-04-23,Product Damaged,2978.57
ORD002956,2024-09-22,Quality Not as Expected,19514.32
ORD002957,2023-03-04,Size Issue,23037.06
ORD002961,2024-04-25,Quality Not as Expected,12487.29
ORD002966,2024-10-27,Changed Mind,16734.19
ORD002970,2024-01-17,Quality Not as Expected,64695.66
ORD002990,2024-08-14,Product Damaged,31904.46
ORD003009,2023-02-19,Changed Mind,25673.13
ORD003010,2023-07-22,Quality Not as Expected,45941.4
ORD003011,2023-07-11,Quality Not as Expected,22970.7
ORD003014,2025-02-20,Changed Mind,24321.92
ORD003025,2025-02-16,Quality Not as Expected,22736.6
ORD003026,2025-01-19,Changed Mind,54048.7
ORD003027,2024-01-19,Late Delivery,23922.35
ORD003036,2023-08-03,Late Delivery,68209.8
ORD003052,2024-01-01,Late Delivery,41606.36
ORD003059,2023-11-21,Better Price Found Elsewhere,7782.22
ORD003063,2025-01-15,Wrong Item Delivered,15523.7
ORD003067,2025-01-17,Wrong Item Delivered,2947.96
ORD003072,2024-08-22,Late Delivery,22577.47
ORD003078,2024-01-11,Product Damaged,12451.55
ORD003090,2024-04-08,Size Issue,35356.11
ORD003099,2024-05-10,Quality Not as Expected,15232.17
ORD003104,2023-04-18,Product Damaged,11288.74
ORD003111,2023-07-16,Late Delivery,40973.92
ORD003118,2024-04-22,Product Damaged,91140.63
ORD003119,2024-10-08,Changed Mind,25782.26
ORD003128,2025-04-21,Size Issue,8841.35
ORD003131,2024-12-03,Better Price Found Elsewhere,31794.96
ORD003139,2025-02-11,Late Delivery,42646.34
ORD003140,2023-06-24,Size Issue,69294.39
ORD003142,2025-05-10,Changed Mind,51358.82
ORD003147,2024-06-21,Size Issue,28401.66
ORD003149,2025-06-13,Wrong Item Delivered,49505.74
ORD003152,2023-09-27,Size Issue,18107.39
ORD003155,2025-05-16,Size Issue,33173.97
ORD003161,2024-06-17,Quality Not as Expected,9430.77
ORD003162,2025-08-02,Product Damaged,7782.22
ORD003169,2024-04-22,Changed Mind,9467.22
ORD003170,2024-03-20,Late Delivery,10184.93
ORD003173,2024-12-19,Late Delivery,19040.21
ORD003180,2025-05-14,Late Delivery,90653.11
ORD003184,2023-03-12,Quality Not as Expected,17828.96
ORD003187,2025-06-26,Changed Mind,31794.96
ORD003193,2023-04-09,Quality Not as Expected,18767.33
ORD003195,2024-05-29,Changed Mind,20733.73
ORD003204,2024-09-28,Better Price Found Elsewhere,39604.59
ORD003207,2025-03-02,Product Damaged,76160.84
ORD003211,2025-04-28,Size Issue,18366.42
ORD003215,2023-01-07,Late Delivery,9881.51
ORD003216,2025-01-01,Late Delivery,102692.53
ORD003217,2025-01-03,Quality Not as Expected,11184.14
ORD003222,2024-02-08,Better Price Found Elsewhere,50087.82
ORD003227,2023-07-31,Wrong Item Delivered,16714.77
ORD003243,2023-12-12,Changed Mind,33429.53
ORD003246,2023-10-31,Quality Not as Expected,60243.08
ORD003257,2025-07-27,Changed Mind,21096.19
ORD003264,2024-07-24,Changed Mind,11842.03
ORD003268,2025-07-15,Changed Mind,51564.52
ORD003271,2024-09-04,Quality Not as Expected,42192.38
ORD003277,2024-08-10,Better Price Found Elsewhere,116933.65
ORD003282,2024-07-20,Quality Not as Expected,17211.49
ORD003288,2024-12-10,Product Damaged,26999.71
ORD003310,2025-03-20,Quality Not as Expected,45718.02
ORD003311,2023-11-22,Product Damaged,89510.25
ORD003333,2025-06-03,Product Damaged,18861.54
ORD003336,2024-11-14,Quality Not as Expected,25086.08
ORD003337,2023-10-26,Quality Not as Expected,9143.6
ORD003344,2024-08-23,Late Delivery,19798.13
ORD003346,2025-01-10,Late Delivery,19408.7
ORD003349,2024-01-15,Wrong Item Delivered,7074.1
ORD003360,2024-12-29,Quality Not as Expected,36526.36
ORD003361,2025-05-19,Product Damaged,21565.22
ORD003373,2023-06-08,Size Issue,15835.04
ORD003383,2024-04-18,Changed Mind,23515.23
ORD003389,2023-12-31,Better Price Found Elsewhere,91140.63
ORD003410,2023-09-18,Better Price Found Elsewhere,24493.15
ORD003423,2025-05-06,Size Issue,19399.63
ORD003431,2024-09-17,Wrong Item Delivered,22634.24
ORD003438,2024-08-29,Changed Mind,23515.23
ORD003442,2024-12-14,Product Damaged,9430.77
ORD003447,2025-02-19,Better Price Found Elsewhere,63340.16
ORD003455,2023-12-30,Late Delivery,90946.4
ORD003458,2023-07-05,Quality Not as Expected,43655.0
ORD003469,2024-08-17,Changed Mind,81073.05
ORD003470,2024-08-23,Quality Not as Expected,39394.09
ORD003478,2024-04-02,Wrong Item Delivered,21568.09
ORD003481,2023-03-13,Product Damaged,9428.3
ORD003493,2024-03-27,Quality Not as Expected,60760.42
ORD003498,2025-08-11,Quality Not as Expected,13618.92
ORD003507,2024-03-19,Size Issue,10401.59
ORD003512,2024-08-03,Product Damaged,16947.04
ORD003513,2025-04-10,Size Issue,17006.95
ORD003516,2025-02-11,Size Issue,19040.21
ORD003520,2024-04-06,Changed Mind,7074.1
ORD003522,2023-07-04,Quality Not as Expected,7782.22
ORD003540,2025-03-20,Changed Mind,42079.88
ORD003545,2023-05-18,Size Issue,47368.12
ORD003546,2024-05-17,Changed Mind,9467.22
ORD003552,2023-10-23,Quality Not as Expected,17006.95
ORD003554,2024-06-05,Product Damaged,9681.46
ORD003556,2023-06-13,Wrong Item Delivered,13157.81
ORD003557,2024-03-04,Changed Mind,46773.46
ORD003565,2024-02-20,Wrong Item Delivered,14513.61
ORD003580,2024-10-24,Product Damaged,16734.19
ORD003583,2024-12-27,Product Damaged,39394.09
ORD003585,2024-09-10,Better Price Found Elsewhere,48499.08
ORD003588,2024-12-04,Changed Mind,43130.44
ORD003606,2023-01-11,Quality Not as Expected,20369.86
ORD003617,2023-08-01,Quality Not as Expected,23922.35
ORD003620,2024-03-13,Better Price Found Elsewhere,3164.73
ORD003630,2024-10-29,Better Price Found Elsewhere,72472.91
ORD003635,2025-08-07,Wrong Item Delivered,20733.73
ORD003641,2023-12-23,Better Price Found Elsewhere,18767.33
ORD003647,2025-02-05,Wrong Item Delivered,31794.96
ORD003649,2023-02-23,Better Price Found Elsewhere,16055.09
ORD003657,2025-07-26,Changed Mind,121520.84
ORD003660,2024-10-14,Changed Mind,6223.47
ORD003670,2023-05-18,Late Delivery,18366.42
ORD003688,2024-10-09,Late Delivery,26315.62
ORD003689,2025-08-03,Wrong Item Delivered,27342.19
ORD003690,2023-05-22,Size Issue,20625.81
ORD003694,2025-06-01,Late Delivery,19697.04
ORD003699,2025-07-13,Product Damaged,37445.72
ORD003700,2024-09-12,Better Price Found Elsewhere,18934.44
ORD003705,2023-02-16,Product Damaged,16184.18
ORD003711,2023-12-24,Late Delivery,8047.14
ORD003714,2024-09-15,Better Price Found Elsewhere,30380.21
ORD003719,2024-09-19,Product Damaged,8959.23
ORD003722,2023-03-24,Better Price Found Elsewhere,9430.77
ORD003728,2024-06-28,Changed Mind,8387.59
ORD003732,2023-06-25,Late Delivery,51564.52
ORD003736,2024-06-28,Quality Not as Expected,23515.23
ORD003738,2023-03-09,Late Delivery,35019.99
ORD003748,2024-05-11,Product Damaged,19894.52
ORD003752,2023-05-03,Late Delivery,22634.24
ORD003754,2025-07-12,Better Price Found Elsewhere,26315.62
ORD003756,2023-06-25,Product Damaged,23386.73
ORD003761,2023-05-08,Quality Not as Expected,8016.15
ORD003766,2025-03-24,Better Price Found Elsewhere,18088.2
ORD003777,2024-05-11,Quality Not as Expected,72352.8
ORD003782,2024-10-17,Size Issue,7782.22
ORD003785,2023-12-04,Quality Not as Expected,17350.02
ORD003786,2024-05-30,Changed Mind,60124.14
ORD003793,2025-03-09,Wrong Item Delivered,37320.71
ORD003795,2024-07-31,Product Damaged,65789.05
ORD003798,2023-05-04,Quality Not as Expected,35975.44
ORD003803,2025-05-12,Late Delivery,18263.18
ORD003804,2024-01-24,Size Issue,12543.04
ORD003807,2024-02-11,Quality Not as Expected,51646.36
ORD003817,2025-02-22,Quality Not as Expected,60760.42
ORD003820,2023-06-02,Late Delivery,25782.26
ORD003823,2023-02-08,Better Price Found Elsewhere,96998.16
ORD003825,2023-03-23,Late Delivery,10784.04
ORD003835,2023-08-15,Quality Not as Expected,11785.37
ORD003840,2023-04-15,Late Delivery,35657.93
ORD003857,2024-12-07,Better Price Found Elsewhere,25673.13
ORD003863,2023-05-08,Quality Not as Expected,25578.68
ORD003866,2023-06-03,Late Delivery,84384.76
ORD003868,2023-12-28,Quality Not as Expected,115444.8
ORD003875,2024-08-03,Product Damaged,35356.11
ORD003877,2023-07-01,Size Issue,40973.92
ORD003881,2023-09-20,Product Damaged,16055.09
ORD003883,2025-06-15,Better Price Found Elsewhere,14075.59
ORD003897,2024-12-13,Size Issue,11479.01
ORD003906,2024-05-14,Better Price Found Elsewhere,12257.03
ORD003919,2025-06-17,Changed Mind,9757.16
ORD003931,2025-03-08,Size Issue,64695.66
ORD003957,2023-12-08,Size Issue,19040.21
ORD003958,2024-08-05,Product Damaged,23515.23
ORD003961,2023-01-13,Size Issue,18767.33
ORD003983,2023-06-03,Size Issue,31578.74
ORD003986,2023-12-15,Changed Mind,33894.08
ORD003996,2024-04-05,Changed Mind,18861.54
ORD003997,2024-09-26,Changed Mind,7782.22
ORD004003,2023-11-06,Changed Mind,54048.7
ORD004005,2025-04-19,Changed Mind,41680.28
ORD004007,2025-05-27,Wrong Item Delivered,77346.78
ORD004019,2025-07-16,Size Issue,15564.44
ORD004021,2024-02-19,Better Price Found Elsewhere,17902.05
ORD004065,2023-11-03,Wrong Item Delivered,16754.44
ORD004075,2025-06-15,Product Damaged,53999.42
ORD004077,2023-10-21,Product Damaged,10784.04
ORD004078,2023-04-13,Better Price Found Elsewhere,18986.57
ORD004089,2023-07-26,Size Issue,25679.41
ORD004090,2024-01-09,Product Damaged,17918.46
ORD004091,2025-04-22,Changed Mind,23111.47
ORD004093,2024-12-03,Changed Mind,25086.08
ORD004099,2024-11-08,Changed Mind,10606.83
ORD004103,2023-11-28,Late Delivery,16734.19
ORD004104,2024-11-25,Wrong Item Delivered,6614.89
ORD004114,2025-05-15,Changed Mind,35188.98
ORD004127,2023-05-09,Late Delivery,18047.58
ORD004136,2025-07-15,Size Issue,22392.2
ORD004140,2025-01-05,Product Damaged,65482.84
ORD004149,2024-03-12,Late Delivery,8993.86
ORD004150,2024-11-05,Wrong Item Delivered,16370.71
ORD004153,2023-08-01,Quality Not as Expected,24395.44
ORD004155,2024-06-18,Quality Not as Expected,10184.93
ORD004158,2023-08-17,Changed Mind,56959.71
ORD004159,2023-02-07,Wrong Item Delivered,46196.26
ORD004168,2024-05-21,Late Delivery,31794.96
ORD004181,2025-02-21,Product Damaged,10905.06
ORD004188,2025-07-15,Wrong Item Delivered,24752.87
ORD004192,2024-12-04,Wrong Item Delivered,25181.42
ORD004193,2023-12-28,Changed Mind,17838.99
ORD004195,2025-04-11,Wrong Item Delivered,47844.7
ORD004197,2024-06-12,Late Delivery,9430.77
ORD004206,2024-11-19,Wrong Item Delivered,25679.41
ORD004211,2023-07-08,Product Damaged,21565.22
ORD004213,2023-06-29,Product Damaged,3164.73
ORD004216,2024-09-04,Late Delivery,12257.03
ORD004220,2024-01-21,Changed Mind,13157.81
ORD004227,2023-04-10,Better Price Found Elsewhere,34437.03
ORD004228,2024-05-12,Quality Not as Expected,69294.39
ORD004229,2024-11-21,Size Issue,21514.36
ORD004238,2023-08-31,Changed Mind,34700.04
ORD004242,2023-01-19,Size Issue,21619.48
ORD004253,2023-06-12,Quality Not as Expected,25181.42
ORD004258,2024-08-20,Size Issue,25782.26
ORD004278,2023-04-17,Better Price Found Elsewhere,71355.96
ORD004280,2025-06-24,Size Issue,50144.3
ORD004281,2023-12-06,Changed Mind,27237.84
ORD004294,2023-10-19,Product Damaged,11982.27
ORD004295,2025-02-15,Product Damaged,12499.92
ORD004305,2025-06-02,Wrong Item Delivered,14562.23
ORD004318,2025-08-02,Changed Mind,99011.48
ORD004332,2024-05-25,Size Issue,21514.36
ORD004340,2024-12-11,Quality Not as Expected,58926.85
ORD004342,2023-08-22,Changed Mind,37723.08
ORD004343,2023-01-07,Size Issue,17838.99
ORD004346,2024-06-11,Quality Not as Expected,20612.11
ORD004351,2025-03-20,Changed Mind,50144.3
ORD004360,2025-02-22,Better Price Found Elsewhere,30027.73
ORD004364,2024-11-03,Quality Not as Expected,18756.13
ORD004365,2024-01-03,Product Damaged,46196.26
ORD004370,2024-09-27,Wrong Item Delivered,10757.18
ORD004376,2023-03-22,Size Issue,7446.42
ORD004388,2025-01-13,Quality Not as Expected,37868.88
ORD004391,2023-06-06,Quality Not as Expected,51096.6
ORD004405,2024-02-08,Better Price Found Elsewhere,9467.22
ORD004406,2023-06-01,Late Delivery,20041.38
ORD004408,2024-05-20,Changed Mind,3275.51
ORD004413,2023-08-07,Late Delivery,16734.19
ORD004416,2024-06-20,Size Issue,7393.11
ORD004419,2024-03-29,Better Price Found Elsewhere,21568.09
ORD004424,2025-02-04,Quality Not as Expected,9826.53
ORD004428,2023-03-26,Size Issue,8605.74
ORD004436,2024-12-15,Quality Not as Expected,10331.11
ORD004438,2024-06-14,Changed Mind,9881.51
ORD004441,2023-09-14,Size Issue,18856.59
ORD004446,2023-02-24,Quality Not as Expected,5447.55
ORD004450,2023-12-03,Better Price Found Elsewhere,11464.28
ORD004484,2023-11-20,Changed Mind,20788.32
ORD004497,2024-08-24,Better Price Found Elsewhere,12257.03
ORD004498,2024-04-23,Product Damaged,19040.21
ORD004507,2023-11-05,Late Delivery,54048.7
ORD004508,2025-06-10,Quality Not as Expected,9430.77
ORD004513,2023-06-21,Size Issue,26999.71
ORD004514,2025-01-11,Quality Not as Expected,22663.28
ORD004521,2023-05-07,Size Issue,12499.92
ORD004526,2025-03-29,Quality Not as Expected,71727.05
ORD004534,2024-04-28,Better Price Found Elsewhere,33951.36
ORD004538,2024-08-10,Changed Mind,40235.68
ORD004546,2023-06-03,Quality Not as Expected,85616.83
ORD004556,2023-04-04,Better Price Found Elsewhere,52631.24
ORD004557,2024-11-29,Size Issue,17931.76
ORD004558,2025-05-17,Quality Not as Expected,46773.46
ORD004559,2025-05-27,Late Delivery,20840.14
ORD004565,2024-04-09,Late Delivery,7782.22
ORD004566,2024-10-25,Quality Not as Expected,45268.48
ORD004573,2023-11-08,Quality Not as Expected,16734.19
ORD004576,2023-12-29,Quality Not as Expected,8993.86
ORD004577,2025-06-09,Changed Mind,8993.86
ORD004578,2023-12-19,Late Delivery,50125.74
ORD004583,2025-06-26,Product Damaged,39596.27
ORD004604,2024-03-25,Late Delivery,31128.88
ORD004615,2024-09-22,Wrong Item Delivered,18767.33
ORD004616,2024-08-14,Late Delivery,14224.06
ORD004618,2025-08-01,Quality Not as Expected,10526.25
ORD004625,2023-06-02,Product Damaged,15163.14
ORD004630,2024-05-15,Late Delivery,116933.65
ORD004632,2024-03-01,Better Price Found Elsewhere,22392.2
ORD004640,2024-02-13,Changed Mind,28420.75
ORD004644,2023-11-30,Late Delivery,24752.87
ORD004649,2025-02-17,Better Price Found Elsewhere,41224.22
ORD004651,2025-05-05,Late Delivery,56301.99
ORD004669,2025-03-10,Late Delivery,37445.72
ORD004671,2024-02-18,Wrong Item Delivered,21790.27
ORD004674,2025-05-30,Better Price Found Elsewhere,21213.67
ORD004682,2024-04-20,Wrong Item Delivered,3723.21
ORD004683,2024-12-11,Wrong Item Delivered,16947.04
ORD004686,2024-02-25,Late Delivery,5240.82
ORD004701,2024-11-08,Late Delivery,63921.13
ORD004709,2025-03-06,Better Price Found Elsewhere,71355.96
ORD004711,2024-01-28,Changed Mind,11982.27
ORD004713,2025-04-28,Better Price Found Elsewhere,20612.11
ORD004714,2024-01-31,Size Issue,20041.38
ORD004715,2023-01-27,Late Delivery,27549.62
ORD004724,2023-08-23,Wrong Item Delivered,9681.46
ORD004728,2025-03-05,Size Issue,22766.31
ORD004732,2024-09-05,Better Price Found Elsewhere,43028.72
ORD004735,2025-05-06,Quality Not as Expected,56128.15
ORD004753,2023-02-08,Wrong Item Delivered,78788.17
ORD004755,2025-05-20,Product Damaged,18722.86
ORD004756,2023-03-18,Quality Not as Expected,2784.18
ORD004760,2024-03-09,Quality Not as Expected,63144.17
ORD004761,2024-08-24,Wrong Item Delivered,77038.23
ORD004762,2023-12-15,Late Delivery,23386.73
ORD004768,2025-01-08,Changed Mind,20803.18
ORD004771,2024-09-17,Better Price Found Elsewhere,31047.41
ORD004772,2023-09-23,Product Damaged,28861.2
ORD004773,2025-06-08,Wrong Item Delivered,8993.86
ORD004797,2025-02-05,Wrong Item Delivered,20840.14
ORD004800,2023-06-30,Wrong Item Delivered,23098.13
ORD004806,2024-04-07,Wrong Item Delivered,24249.54
ORD004809,2023-06-05,Wrong Item Delivered,60760.42
ORD004810,2024-12-10,Changed Mind,11982.27
ORD004821,2023-07-29,Size Issue,23111.47
ORD004824,2023-09-11,Wrong Item Delivered,19408.7
ORD004826,2025-06-17,Better Price Found Elsewhere,23386.73
ORD004838,2023-09-30,Size Issue,70160.19
ORD004845,2024-04-10,Late Delivery,18934.44
ORD004853,2024-06-28,Late Delivery,23111.47
ORD004855,2024-08-28,Late Delivery,15147.55
ORD004858,2023-02-06,Product Damaged,65473.76
ORD004873,2023-12-28,Size Issue,43130.44
ORD004877,2023-01-14,Product Damaged,16734.19
ORD004879,2024-03-17,Size Issue,96630.55
ORD004908,2024-09-07,Size Issue,36526.36
ORD004915,2025-04-27,Late Delivery,18287.21
ORD004919,2023-03-13,Product Damaged,19399.63
ORD004924,2024-12-18,Size Issue,16734.19
ORD004943,2024-02-21,Product Damaged,76083.71
ORD004945,2023-07-13,Better Price Found Elsewhere,95689.4
ORD004947,2023-12-24,Wrong Item Delivered,37834.09
ORD004948,2025-05-12,Late Delivery,16876.95
ORD004958,2024-08-04,Wrong Item Delivered,135121.75
ORD004959,2025-02-13,Product Damaged,9430.77
ORD004970,2024-03-10,Changed Mind,24249.54
ORD004974,2024-09-25,Changed Mind,20486.96
ORD004975,2025-07-18,Late Delivery,8487.69
ORD004981,2023-03-27,Product Damaged,39266.82
ORD004982,2024-06-13,Size Issue,3723.21
ORD004984,2024-09-18,Product Damaged,45941.4
ORD004986,2023-07-18,Late Delivery,17594.49
ORD004987,2023-03-19,Product Damaged,57120.63
ORD004994,2023-04-10,Changed Mind,56841.5
ORD004995,2023-07-17,Quality Not as Expected,27237.84
ORD005000,2023-10-29,Product Damaged,54684.38
ORD005027,2025-06-03,Changed Mind,28420.75
ORD005032,2024-04-26,Wrong Item Delivered,19881.16
ORD005034,2023-09-25,Size Issue,37713.18
ORD005035,2023-04-15,Better Price Found Elsewhere,27024.35
ORD005052,2023-03-08,Wrong Item Delivered,47336.1
ORD005060,2025-04-21,Late Delivery,28420.75
ORD005068,2023-04-07,Quality Not as Expected,11196.1
ORD005086,2024-10-12,Better Price Found Elsewhere,33588.3
ORD005098,2024-05-13,Quality Not as Expected,51358.82
ORD005099,2023-06-14,Size Issue,43130.44
ORD005104,2024-03-08,Size Issue,17902.05
ORD005105,2024-12-01,Quality Not as Expected,19798.13
ORD005117,2024-07-17,Quality Not as Expected,11576.08
ORD005118,2023-04-20,Quality Not as Expected,28151.18
ORD005123,2025-03-23,Quality Not as Expected,20370.82
ORD005124,2024-09-17,Size Issue,18263.18
ORD005125,2023-05-20,Size Issue,53785.9
ORD005134,2024-09-02,Product Damaged,54789.54
ORD005137,2024-10-06,Quality Not as Expected,83360.56
ORD005146,2024-01-31,Wrong Item Delivered,3275.51
ORD005149,2023-02-15,Quality Not as Expected,21943.22
ORD005153,2024-02-20,Product Damaged,9430.77
ORD005165,2024-09-23,Better Price Found Elsewhere,11184.14
ORD005176,2024-09-17,Changed Mind,8993.86
ORD005179,2023-11-30,Late Delivery,28292.31
ORD005197,2025-07-12,Changed Mind,24157.64
ORD005212,2024-06-29,Late Delivery,32253.79
ORD005223,2024-03-20,Changed Mind,18861.54
ORD005226,2024-01-27,Wrong Item Delivered,53999.42
ORD005229,2025-06-28,Better Price Found Elsewhere,21514.36
ORD005230,2024-02-02,Late Delivery,18767.33
ORD005232,2024-08-05,Product Damaged,18767.33
ORD005244,2025-02-05,Product Damaged,11713.93
ORD005249,2025-03-03,Product Damaged,11479.01
ORD005254,2024-04-02,Size Issue,18330.44
ORD005270,2025-08-03,Late Delivery,15060.77
ORD005273,2024-10-13,Better Price Found Elsewhere,35247.34
ORD005279,2023-07-16,Changed Mind,35804.1
ORD005286,2025-07-15,Quality Not as Expected,22736.6
ORD005291,2024-10-06,Quality Not as Expected,28151.18
ORD005302,2024-04-03,Late Delivery,85616.83
ORD005307,2024-10-02,Changed Mind,21048.06
ORD005311,2024-02-07,Better Price Found Elsewhere,38478.21
ORD005339,2024-11-10,Changed Mind,3723.21
ORD005349,2024-09-15,Size Issue,7074.1
ORD005352,2025-01-13,Quality Not as Expected,33007.7
ORD005356,2025-06-26,Wrong Item Delivered,16714.77
ORD005369,2025-02-04,Better Price Found Elsewhere,10606.83
ORD005381,2023-03-24,Changed Mind,8780.13
ORD005383,2024-07-27,Late Delivery,56959.71
ORD005389,2025-07-23,Changed Mind,14892.84
ORD005404,2025-02-16,Changed Mind,22392.2
ORD005420,2024-06-24,Product Damaged,24249.54
ORD005432,2023-11-12,Quality Not as Expected,18986.57
ORD005434,2025-06-07,Better Price Found Elsewhere,14786.22
ORD005438,2023-03-16,Product Damaged,22634.24
ORD005448,2024-10-22,Quality Not as Expected,9053.7
ORD005468,2024-10-30,Changed Mind,11169.63
ORD005476,2024-06-07,Changed Mind,25181.42
ORD005478,2023-09-24,Late Delivery,19040.21
ORD005486,2025-07-10,Size Issue,25782.26
ORD005530,2023-05-04,Better Price Found Elsewhere,18986.57
ORD005536,2023-12-05,Size Issue,11915.89
ORD005541,2025-01-17,Wrong Item Delivered,33781.19
ORD005547,2024-04-21,Late Delivery,23684.06
ORD005599,2024-12-05,Product Damaged,8959.23
ORD005624,2024-08-09,Better Price Found Elsewhere,34728.25
ORD005630,2023-05-01,Wrong Item Delivered,40973.92
ORD005648,2023-06-20,Late Delivery,51408.57
ORD005654,2023-05-31,Quality Not as Expected,47368.12
ORD005661,2024-07-14,Better Price Found Elsewhere,43620.24
ORD005665,2024-11-16,Better Price Found Elsewhere,16890.6
ORD005667,2023-09-06,Changed Mind,75946.28
ORD005671,2024-11-09,Product Damaged,33429.53
ORD005672,2024-07-20,Better Price Found Elsewhere,119611.74
ORD005676,2024-05-01,Late Delivery,11317.12
ORD005684,2023-05-20,Wrong Item Delivered,8016.15
ORD005685,2023-11-11,Size Issue,16734.19
ORD005686,2025-01-16,Quality Not as Expected,10184.93
ORD005688,2024-01-25,Size Issue,70377.96
ORD005703,2024-07-06,Wrong Item Delivered,22577.47
ORD005713,2025-06-14,Wrong Item Delivered,12257.03
ORD005715,2024-05-01,Late Delivery,71608.2
ORD005716,2024-07-05,Late Delivery,43831.63
ORD005741,2024-05-04,Quality Not as Expected,6223.47
ORD005743,2024-09-17,Product Damaged,21096.19
ORD005750,2024-05-26,Wrong Item Delivered,54684.38
ORD005756,2023-10-01,Better Price Found Elsewhere,18756.13
ORD005758,2023-03-31,Better Price Found Elsewhere,21213.67
ORD005765,2025-04-06,Better Price Found Elsewhere,16947.04
ORD005768,2023-09-07,Quality Not as Expected,24304.17
ORD005770,2025-06-06,Wrong Item Delivered,13157.81
ORD005780,2025-05-04,Quality Not as Expected,21039.94
ORD005785,2023-04-30,Better Price Found Elsewhere,23570.74
ORD005786,2025-05-04,Wrong Item Delivered,21266.15
ORD005789,2024-08-09,Wrong Item Delivered,41680.28
ORD005790,2025-08-02,Changed Mind,48165.27
ORD005792,2024-11-27,Late Delivery,15564.44
ORD005793,2023-12-12,Changed Mind,35747.66
ORD005804,2025-06-09,Changed Mind,81073.05
ORD005809,2024-09-09,Better Price Found Elsewhere,48499.08
ORD005819,2025-05-03,Product Damaged,11383.16
ORD005823,2023-11-02,Changed Mind,38813.92
ORD005832,2024-06-29,Wrong Item Delivered,23386.73
ORD005841,2025-05-23,Late Delivery,99011.48
ORD005847,2023-07-20,Wrong Item Delivered,10401.59
ORD005850,2023-01-27,Product Damaged,21619.48
ORD005857,2023-01-26,Changed Mind,14271.19
ORD005859,2025-06-07,Product Damaged,45916.04
ORD005866,2024-11-07,Quality Not as Expected,11169.63
ORD005883,2024-05-02,Better Price Found Elsewhere,9826.53
ORD005887,2025-05-24,Size Issue,20840.14
ORD005892,2025-03-12,Better Price Found Elsewhere,85064.59
ORD005897,2023-01-22,Quality Not as Expected,19040.21
ORD005901,2024-10-07,Quality Not as Expected,21943.22
ORD005905,2024-11-30,Size Issue,36176.4
ORD005908,2025-04-10,Quality Not as Expected,18478.5
ORD005909,2025-06-20,Changed Mind,11288.74
ORD005912,2023-01-11,Product Damaged,23204.03
ORD005914,2024-06-17,Wrong Item Delivered,23386.73
ORD005915,2023-07-25,Better Price Found Elsewhere,125907.1
ORD005920,2024-07-09,Quality Not as Expected,50362.84
ORD005965,2023-09-21,Product Damaged,16876.95
ORD005966,2024-11-20,Size Issue,20145.14
ORD005967,2023-11-22,Late Delivery,42602.49
ORD005968,2025-02-17,Better Price Found Elsewhere,19798.13
ORD005969,2023-10-22,Wrong Item Delivered,33951.36
ORD005971,2024-06-26,Better Price Found Elsewhere,50362.84
ORD005977,2023-11-12,Late Delivery,13137.13
ORD005983,2024-11-01,Size Issue,13157.81
ORD005987,2024-09-19,Late Delivery,28420.75
ORD005988,2024-05-16,Better Price Found Elsewhere,17918.46
ORD005990,2023-07-13,Late Delivery,13618.92
ORD006001,2023-02-17,Changed Mind,43130.44
ORD006002,2023-01-24,Late Delivery,10184.93
ORD006007,2023-06-10,Product Damaged,19798.13
ORD006018,2023-09-18,Size Issue,18263.18
ORD006021,2024-11-23,Quality Not as Expected,37973.14
ORD006026,2024-08-04,Wrong Item Delivered,37418.77
ORD006039,2024-09-15,Product Damaged,93546.92
ORD006043,2025-07-07,Size Issue,18366.42
ORD006045,2024-04-08,Wrong Item Delivered,18767.33
ORD006046,2025-05-11,Late Delivery,21096.19
ORD006049,2023-01-19,Late Delivery,43655.0
ORD006058,2023-08-16,Size Issue,7573.78
ORD006059,2023-12-17,Late Delivery,17350.02
ORD006060,2024-06-26,Late Delivery,70160.19
ORD006064,2025-07-16,Quality Not as Expected,59210.14
ORD006067,2025-04-04,Better Price Found Elsewhere,28420.75
ORD006076,2024-12-30,Size Issue,50362.84
ORD006084,2023-01-18,Late Delivery,17623.67
ORD006087,2025-01-28,Size Issue,14767.33
ORD006095,2025-08-03,Quality Not as Expected,24249.54
ORD006097,2023-04-15,Late Delivery,17902.05
ORD006101,2023-06-09,Product Damaged,11479.01
ORD006107,2024-02-05,Late Delivery,24321.92
ORD006112,2024-06-10,Late Delivery,52631.24
ORD006119,2024-05-11,Better Price Found Elsewhere,23098.13
ORD006121,2023-12-21,Quality Not as Expected,52783.47
ORD006137,2025-03-04,Size Issue,10017.56
ORD006139,2024-01-31,Wrong Item Delivered,48790.88
ORD006148,2023-03-09,Late Delivery,19633.41
ORD006151,2023-12-04,Better Price Found Elsewhere,3537.05
ORD006158,2025-04-02,Changed Mind,10401.59
ORD006159,2024-07-09,Better Price Found Elsewhere,9430.77
ORD006163,2023-08-31,Product Damaged,35428.24
ORD006179,2025-01-31,Changed Mind,70160.19
ORD006180,2025-04-03,Wrong Item Delivered,83670.95
ORD006186,2023-03-31,Size Issue,8959.23
ORD006196,2024-09-20,Better Price Found Elsewhere,22392.2
ORD006212,2024-11-06,Size Issue,44796.16
ORD006222,2023-12-17,Quality Not as Expected,9467.22
ORD006224,2024-10-03,Better Price Found Elsewhere,23204.03
ORD006228,2025-08-04,Late Delivery,41467.46
ORD006233,2023-01-23,Wrong Item Delivered,17828.96
ORD006234,2024-02-29,Better Price Found Elsewhere,20840.14
ORD006244,2023-09-20,Wrong Item Delivered,69294.39
ORD006245,2024-04-03,Quality Not as Expected,3111.73
ORD006256,2024-04-13,Product Damaged,17931.76
ORD006261,2023-02-10,Product Damaged,24321.92
ORD006270,2023-02-27,Wrong Item Delivered,15835.04
ORD006275,2025-07-22,Size Issue,51408.57
ORD006280,2025-03-14,Product Damaged,7446.42
ORD006308,2024-10-20,Changed Mind,50362.84
ORD006324,2025-03-13,Quality Not as Expected,10401.59
ORD006325,2024-08-29,Changed Mind,23964.54
ORD006331,2024-10-28,Wrong Item Delivered,17838.99
ORD006332,2023-06-30,Quality Not as Expected,59394.4
ORD006342,2024-04-09,Wrong Item Delivered,11842.03
ORD006352,2024-05-31,Changed Mind,17918.46
ORD006374,2023-12-25,Product Damaged,21052.5
ORD006375,2024-07-09,Changed Mind,13387.35
ORD006380,2023-01-21,Wrong Item Delivered,70545.68
ORD006383,2024-09-08,Better Price Found Elsewhere,64695.66
ORD006384,2023-04-18,Wrong Item Delivered,30380.21
ORD006401,2025-07-08,Better Price Found Elsewhere,7544.62
ORD006411,2024-05-01,Changed Mind,43829.84
ORD006415,2025-06-10,Wrong Item Delivered,40856.76
ORD006422,2025-07-13,Better Price Found Elsewhere,10219.32
ORD006423,2023-10-25,Product Damaged,12257.03
ORD006424,2024-12-24,Better Price Found Elsewhere,25086.08
ORD006433,2023-08-22,Better Price Found Elsewhere,11479.01
ORD006436,2023-08-24,Changed Mind,27024.35
ORD006437,2024-10-14,Wrong Item Delivered,20543.53
ORD006438,2025-03-16,Size Issue,24752.87
ORD006445,2025-05-10,Quality Not as Expected,24752.87
ORD006450,2023-04-14,Quality Not as Expected,52871.01
ORD006451,2023-05-13,Better Price Found Elsewhere,41467.46
ORD006455,2025-05-06,Changed Mind,21824.59
ORD006462,2024-12-11,Size Issue,10784.04
ORD006466,2024-12-28,Changed Mind,12257.03
ORD006470,2024-07-30,Changed Mind,16377.55
ORD006483,2025-02-20,Changed Mind,20041.38
ORD006494,2025-03-27,Better Price Found Elsewhere,10017.56
ORD006502,2025-07-04,Size Issue,11317.12
ORD006506,2023-09-14,Quality Not as Expected,16377.55
ORD006510,2024-03-07,Quality Not as Expected,47368.12
ORD006516,2025-01-20,Changed Mind,22721.33
ORD006528,2024-03-05,Product Damaged,23515.23
ORD006534,2025-04-25,Changed Mind,12937.97
ORD006542,2023-12-06,Size Issue,25782.26
ORD006548,2023-02-09,Quality Not as Expected,13157.81
ORD006550,2023-08-30,Quality Not as Expected,20486.96
ORD006552,2023-04-07,Changed Mind,24974.59
ORD006561,2025-03-02,Better Price Found Elsewhere,7921.98
ORD006565,2023-03-23,Wrong Item Delivered,24304.17
ORD006567,2023-05-26,Better Price Found Elsewhere,76736.03
ORD006576,2024-02-17,Product Damaged,28151.18
ORD006579,2023-09-10,Changed Mind,7782.22
ORD006583,2024-02-24,Size Issue,10526.25
ORD006586,2023-09-07,Changed Mind,41680.28
ORD006595,2024-02-23,Changed Mind,12257.03
ORD006596,2024-12-07,Better Price Found Elsewhere,23098.13
ORD006599,2024-10-06,Size Issue,9361.43
ORD006601,2025-05-18,Product Damaged,15952.23
ORD006606,2024-02-04,Size Issue,56301.99
ORD006609,2024-07-24,Changed Mind,16734.19
ORD006610,2025-07-11,Size Issue,50087.82
ORD006613,2023-01-31,Better Price Found Elsewhere,18660.36
ORD006621,2023-11-13,Wrong Item Delivered,17975.59
ORD006628,2024-03-21,Quality Not as Expected,86260.88
ORD006638,2024-06-25,Wrong Item Delivered,41680.28
ORD006640,2023-07-22,Quality Not as Expected,25782.26
ORD006645,2024-10-07,Late Delivery,20486.96
ORD006648,2023-06-21,Wrong Item Delivered,17350.02
ORD006652,2023-01-27,Late Delivery,24999.84
ORD006659,2024-08-07,Wrong Item Delivered,17136.19
ORD006667,2025-01-08,Quality Not as Expected,7074.1
ORD006675,2023-12-21,Late Delivery,37534.66
ORD006676,2023-04-13,Quality Not as Expected,3350.89
ORD006680,2023-10-31,Better Price Found Elsewhere,17350.02
ORD006693,2024-03-18,Better Price Found Elsewhere,21943.22
ORD006696,2024-01-11,Quality Not as Expected,30380.21
ORD006701,2024-08-14,Late Delivery,60760.42
ORD006708,2023-11-15,Changed Mind,5212.49
ORD006715,2025-04-24,Wrong Item Delivered,75069.32
ORD006725,2025-05-25,Product Damaged,33588.3
ORD006726,2023-11-13,Better Price Found Elsewhere,10606.83
ORD006734,2025-01-25,Quality Not as Expected,19040.21
ORD006741,2023-06-03,Wrong Item Delivered,8843.88
ORD006746,2024-10-12,Better Price Found Elsewhere,16184.18
ORD006751,2024-02-08,Wrong Item Delivered,38817.4
ORD006755,2025-01-06,Better Price Found Elsewhere,13157.81
ORD006768,2024-09-08,Quality Not as Expected,43886.45
ORD006770,2023-05-04,Quality Not as Expected,17594.49
ORD006772,2023-09-07,Product Damaged,21810.12
ORD006778,2023-11-23,Product Damaged,9681.46
ORD006780,2025-01-24,Changed Mind,9757.16
ORD006781,2023-07-29,Better Price Found Elsewhere,32271.54
ORD006794,2024-07-20,Product Damaged,25679.41
ORD006804,2024-08-29,Product Damaged,10017.56
ORD006805,2024-03-30,Late Delivery,36526.36
ORD006812,2024-01-06,Quality Not as Expected,9428.3
ORD006821,2025-07-30,Changed Mind,24963.82
ORD006831,2024-04-16,Changed Mind,23386.73
ORD006832,2023-06-16,Late Delivery,20625.81
ORD006836,2023-01-26,Better Price Found Elsewhere,16370.71
ORD006838,2023-11-28,Better Price Found Elsewhere,20733.73
ORD006840,2023-08-09,Quality Not as Expected,36526.36
ORD006841,2023-09-30,Wrong Item Delivered,16586.98
ORD006847,2025-05-14,Size Issue,23098.13
ORD006857,2023-04-14,Size Issue,32685.41
ORD006861,2024-05-19,Late Delivery,14955.32
ORD006863,2025-04-06,Better Price Found Elsewhere,6225.78
ORD006879,2023-07-11,Late Delivery,30121.54
ORD006880,2025-03-04,Better Price Found Elsewhere,87659.68
ORD006889,2024-05-30,Size Issue,21565.22
ORD006896,2023-07-07,Changed Mind,56443.68
ORD006908,2024-08-08,Changed Mind,7074.1
ORD006923,2023-10-30,Size Issue,13618.92
ORD006949,2024-06-28,Late Delivery,17594.49
ORD006954,2025-03-15,Wrong Item Delivered,66832.75
ORD006955,2024-08-08,Size Issue,23515.23
ORD006956,2023-06-03,Product Damaged,19798.13
ORD006961,2025-01-18,Changed Mind,20068.86
ORD006962,2023-09-20,Wrong Item Delivered,12784.23
ORD006964,2024-04-01,Better Price Found Elsewhere,19802.3
ORD006969,2023-12-04,Late Delivery,81947.84
ORD006977,2025-07-03,Changed Mind,22577.47
ORD006981,2024-12-27,Changed Mind,33894.08
ORD006982,2023-01-20,Product Damaged,7446.42
ORD006989,2025-01-22,Changed Mind,10905.06
ORD007001,2024-03-30,Wrong Item Delivered,25679.41
ORD007007,2024-04-08,Quality Not as Expected,26774.7
ORD007009,2024-08-01,Changed Mind,35677.98
ORD007011,2023-04-08,Late Delivery,14786.22
ORD007022,2023-05-26,Better Price Found Elsewhere,19894.52
ORD007024,2023-10-23,Late Delivery,28420.75
ORD007028,2024-06-27,Quality Not as Expected,23204.03
ORD007030,2023-09-11,Changed Mind,9143.6
ORD007035,2023-03-19,Wrong Item Delivered,19798.13
ORD007041,2024-03-06,Changed Mind,18088.2
ORD007044,2024-03-26,Late Delivery,7074.1
ORD007057,2024-05-13,Product Damaged,7004.0
ORD007060,2023-01-29,Better Price Found Elsewhere,35428.24
ORD007061,2024-02-19,Wrong Item Delivered,15089.23
ORD007077,2025-05-31,Product Damaged,20840.14
ORD007086,2024-11-29,Quality Not as Expected,10034.43
ORD007093,2025-02-15,Product Damaged,9881.51
ORD007096,2024-07-04,Late Delivery,9467.22
ORD007100,2023-08-07,Wrong Item Delivered,18934.44
ORD007102,2023-09-02,Product Damaged,46222.94
ORD007105,2023-11-15,Wrong Item Delivered,18047.58
ORD007106,2024-03-11,Changed Mind,19633.41
ORD007109,2024-06-27,Size Issue,25181.42
ORD007112,2025-03-30,Wrong Item Delivered,18756.13
ORD007115,2023-07-16,Wrong Item Delivered,16947.04
ORD007118,2024-07-25,Late Delivery,43655.0
ORD007121,2024-06-06,Quality Not as Expected,20840.14
ORD007132,2023-12-12,Late Delivery,9467.22
ORD007133,2023-05-21,Wrong Item Delivered,41251.62
ORD007140,2024-12-08,Product Damaged,25823.18
ORD007150,2024-11-18,Late Delivery,51157.35
ORD007153,2023-04-25,Changed Mind,22217.39
ORD007166,2025-02-04,Wrong Item Delivered,8487.69
ORD007176,2023-03-23,Wrong Item Delivered,23037.06
ORD007178,2024-01-11,Product Damaged,24749.28
ORD007199,2025-06-03,Wrong Item Delivered,24395.44
ORD007205,2023-04-16,Changed Mind,7782.22
ORD007207,2024-04-23,Quality Not as Expected,13618.92
ORD007212,2023-11-07,Wrong Item Delivered,2620.41
ORD007213,2025-01-08,Late Delivery,7074.1
ORD007216,2023-02-04,Wrong Item Delivered,43649.17
ORD007240,2024-09-20,Size Issue,15897.48
ORD007244,2024-04-05,Product Damaged,16974.68
ORD007249,2023-05-17,Wrong Item Delivered,19066.49
ORD007257,2023-08-04,Better Price Found Elsewhere,9533.24
ORD007278,2023-05-28,Quality Not as Expected,21096.19
ORD007279,2023-02-10,Better Price Found Elsewhere,17838.99
ORD007283,2024-06-28,Quality Not as Expected,21565.22
ORD007285,2023-11-30,Better Price Found Elsewhere,19798.13
ORD007289,2024-03-13,Product Damaged,37723.08
ORD007296,2025-05-21,Better Price Found Elsewhere,3275.51
ORD007298,2025-04-21,Better Price Found Elsewhere,18263.18
ORD007308,2023-12-13,Better Price Found Elsewhere,30052.69
ORD007318,2023-10-27,Better Price Found Elsewhere,16734.19
ORD007322,2025-04-09,Better Price Found Elsewhere,18088.2
ORD007326,2025-07-31,Quality Not as Expected,28599.73
ORD007330,2023-01-23,Late Delivery,10017.56
ORD007342,2023-12-25,Late Delivery,10757.18
ORD007343,2023-04-09,Late Delivery,17041.0
ORD007346,2024-08-18,Wrong Item Delivered,10895.14
ORD007349,2023-05-29,Late Delivery,25875.95
ORD007352,2025-03-24,Changed Mind,20486.96
ORD007355,2025-06-16,Size Issue,20840.14
ORD007360,2024-03-20,Late Delivery,68912.09
ORD007361,2023-05-23,Changed Mind,23037.06
ORD007364,2023-09-07,Quality Not as Expected,10401.59
ORD007375,2025-02-01,Size Issue,10784.04
ORD007381,2023-07-04,Size Issue,18986.57
ORD007389,2025-06-13,Better Price Found Elsewhere,21052.5
ORD007393,2024-12-25,Size Issue,27024.35
ORD007396,2023-10-28,Changed Mind,63589.92
ORD007398,2024-08-17,Product Damaged,31047.41
ORD007403,2024-12-08,Better Price Found Elsewhere,16947.04
ORD007404,2024-03-05,Better Price Found Elsewhere,37534.66
ORD007427,2024-09-30,Changed Mind,43130.44
ORD007437,2024-05-01,Product Damaged,51358.82
ORD007439,2025-03-01,Quality Not as Expected,17987.72
ORD007447,2024-09-22,Changed Mind,21943.22
ORD007471,2025-01-15,Product Damaged,24752.87
ORD007477,2024-08-28,Size Issue,50671.79
ORD007478,2025-01-03,Product Damaged,63288.57
ORD007499,2025-01-27,Wrong Item Delivered,20733.73
ORD007502,2024-06-10,Better Price Found Elsewhere,11982.27
ORD007505,2023-12-07,Changed Mind,53920.22
ORD007523,2024-10-29,Late Delivery,34013.89
ORD007530,2023-04-30,Changed Mind,44555.17
ORD007536,2024-06-03,Wrong Item Delivered,19040.21
ORD007545,2024-11-10,Better Price Found Elsewhere,19040.21
ORD007552,2025-04-27,Changed Mind,13203.08
ORD007553,2023-10-15,Product Damaged,89510.25
ORD007560,2024-09-23,Late Delivery,11982.27
ORD007565,2023-08-24,Wrong Item Delivered,17136.19
ORD007574,2024-01-28,Quality Not as Expected,30380.21
ORD007580,2024-08-24,Better Price Found Elsewhere,51157.35
ORD007582,2025-07-12,Product Damaged,22392.2
ORD007587,2023-09-12,Late Delivery,33468.38
ORD007588,2023-12-25,Late Delivery,18047.58
ORD007592,2023-12-15,Wrong Item Delivered,17838.99
ORD007600,2025-07-16,Size Issue,17594.49
ORD007603,2024-04-05,Product Damaged,21096.19
ORD007608,2024-11-15,Wrong Item Delivered,28861.2
ORD007619,2023-06-14,Better Price Found Elsewhere,11196.1
ORD007620,2024-06-23,Late Delivery,20733.73
ORD007625,2023-05-26,Wrong Item Delivered,40856.76
ORD007627,2023-03-15,Quality Not as Expected,27024.35
ORD007628,2024-11-15,Wrong Item Delivered,7782.22
ORD007630,2025-06-17,Wrong Item Delivered,11288.74
ORD007636,2025-07-29,Late Delivery,5240.82
ORD007642,2024-06-21,Wrong Item Delivered,18088.2
ORD007671,2024-01-02,Wrong Item Delivered,84384.76
ORD007675,2023-11-22,Product Damaged,62715.2
ORD007685,2024-08-26,Quality Not as Expected,9881.51
ORD007688,2024-05-18,Size Issue,10034.43
ORD007701,2024-06-26,Size Issue,60760.42
ORD007709,2025-04-04,Changed Mind,6627.05
ORD007712,2024-07-06,Wrong Item Delivered,18263.18
ORD007715,2025-04-11,Quality Not as Expected,47030.45
ORD007716,2023-06-25,Better Price Found Elsewhere,22217.39
ORD007718,2025-02-11,Product Damaged,14075.59
ORD007719,2023-02-10,Late Delivery,10401.59
ORD007721,2024-05-23,Quality Not as Expected,24752.87
ORD007724,2025-02-07,Changed Mind,19878.72
ORD007738,2024-01-04,Product Damaged,94060.91
ORD007742,2023-11-28,Quality Not as Expected,37512.25
ORD007748,2023-12-12,Late Delivery,19697.04
ORD007749,2025-05-27,Better Price Found Elsewhere,100725.68
ORD007751,2025-02-11,Quality Not as Expected,46773.46
ORD007752,2025-05-18,Wrong Item Delivered,20486.96
ORD007753,2024-11-07,Product Damaged,17594.49
ORD007763,2024-06-01,Size Issue,9430.77
ORD007766,2024-02-28,Size Issue,16586.98
ORD007770,2024-02-18,Changed Mind,53486.89
ORD007775,2024-08-04,Late Delivery,13618.92
ORD007781,2024-05-16,Late Delivery,45650.23
ORD007786,2025-05-01,Quality Not as Expected,19798.13
ORD007806,2025-04-28,Wrong Item Delivered,35428.24
ORD007815,2024-10-24,Product Damaged,70545.68
ORD007818,2023-08-18,Wrong Item Delivered,11576.08
ORD007822,2025-07-19,Changed Mind,12937.97
ORD007828,2023-08-30,Size Issue,23098.13
ORD007829,2024-09-23,Quality Not as Expected,3723.21
ORD007840,2024-02-07,Late Delivery,3275.51
ORD007845,2024-04-10,Wrong Item Delivered,17594.49
ORD007846,2024-07-30,Late Delivery,78788.17
ORD007847,2024-08-14,Size Issue,116933.65
ORD007848,2024-01-19,Product Damaged,33866.21
ORD007851,2024-09-22,Late Delivery,27237.84
ORD007855,2025-05-03,Product Damaged,39604.59
ORD007860,2023-09-09,Changed Mind,89194.95
ORD007882,2025-02-03,Late Delivery,48986.29
ORD007888,2023-02-10,Product Damaged,15897.48
ORD007889,2025-06-09,Size Issue,60435.41
ORD007890,2024-12-24,Quality Not as Expected,21943.22
ORD007893,2023-11-02,Late Delivery,21514.36
ORD007903,2023-05-31,Product Damaged,18088.2
ORD007907,2023-07-12,Size Issue,9681.46
ORD007912,2023-08-29,Size Issue,48608.34
ORD007919,2024-01-25,Changed Mind,10331.11
ORD007938,2025-05-12,Quality Not as Expected,15089.23
ORD007940,2024-09-07,Quality Not as Expected,23570.74
ORD007962,2025-01-29,Wrong Item Delivered,9430.77
ORD007972,2024-02-14,Quality Not as Expected,18767.33
ORD007974,2024-11-30,Size Issue,17838.99
ORD007976,2024-01-08,Quality Not as Expected,18934.44
ORD007980,2024-11-22,Quality Not as Expected,60760.42
ORD007984,2023-07-04,Better Price Found Elsewhere,52631.24
ORD007987,2024-08-06,Changed Mind,3275.51
ORD007989,2024-06-11,Better Price Found Elsewhere,25782.26
ORD007997,2023-10-14,Product Damaged,22577.47
ORD008002,2023-08-04,Quality Not as Expected,8959.23
ORD008005,2024-01-05,Size Issue,58569.66
ORD008006,2024-05-13,Size Issue,73052.72
ORD008015,2023-06-10,Product Damaged,20803.18
ORD008019,2024-01-29,Changed Mind,30027.73
ORD008025,2025-06-01,Size Issue,22663.28
ORD008026,2024-08-05,Better Price Found Elsewhere,91315.9
ORD008027,2024-11-24,Product Damaged,26999.71
ORD008047,2024-11-01,Wrong Item Delivered,21824.59
ORD008054,2024-05-24,Wrong Item Delivered,18986.57
ORD008059,2025-07-23,Better Price Found Elsewhere,51564.52
ORD008071,2023-01-29,Quality Not as Expected,54684.38
ORD008078,2025-07-07,Better Price Found Elsewhere,25181.42
ORD008083,2025-04-18,Changed Mind,47929.08
ORD008087,2024-01-09,Changed Mind,24752.87
ORD008090,2025-01-16,Product Damaged,65789.05
ORD008093,2023-11-13,Better Price Found Elsewhere,46773.46
ORD008095,2025-06-21,Wrong Item Delivered,52050.06
ORD008096,2023-03-23,Product Damaged,20370.82
ORD008098,2025-01-28,Product Damaged,18616.05
ORD008105,2023-09-23,Late Delivery,25875.95
ORD008107,2025-05-15,Product Damaged,36176.4
ORD008109,2025-05-17,Wrong Item Delivered,24395.44
ORD008113,2024-03-03,Product Damaged,51564.52
ORD008120,2024-06-10,Wrong Item Delivered,59821.27
ORD008122,2025-07-24,Quality Not as Expected,21266.15
ORD008123,2024-08-19,Product Damaged,89144.82
ORD008130,2024-09-26,Changed Mind,12499.92
ORD008131,2024-10-28,Product Damaged,20041.38
ORD008134,2025-03-21,Product Damaged,3723.21
ORD008135,2025-01-11,Size Issue,31204.77
ORD008140,2024-06-05,Quality Not as Expected,17902.05
ORD008147,2023-11-03,Product Damaged,20840.14
ORD008156,2025-01-26,Better Price Found Elsewhere,20788.32
ORD008171,2023-05-03,Better Price Found Elsewhere,66832.75
ORD008175,2023-03-30,Late Delivery,15163.14
ORD008177,2025-06-20,Late Delivery,25181.42
ORD008180,2023-08-16,Late Delivery,2947.96
ORD008183,2023-10-31,Better Price Found Elsewhere,6627.05
ORD008196,2023-06-17,Quality Not as Expected,11196.1
ORD008217,2024-09-09,Better Price Found Elsewhere,9430.77
ORD008228,2024-12-28,Size Issue,17136.19
ORD008231,2024-12-11,Size Issue,113683.0
ORD008235,2023-12-20,Late Delivery,46304.33
ORD008245,2024-12-28,Changed Mind,10895.14
ORD008258,2025-05-03,Changed Mind,8841.35
ORD008264,2023-05-21,Quality Not as Expected,37499.76
ORD008271,2024-09-19,Better Price Found Elsewhere,3350.89
ORD008273,2024-07-23,Product Damaged,7393.11
ORD008277,2023-05-25,Late Delivery,23037.06
ORD008281,2023-10-26,Size Issue,19802.3
ORD008291,2023-03-12,Product Damaged,19362.92
ORD008295,2024-04-02,Better Price Found Elsewhere,24493.15
ORD008296,2023-10-11,Changed Mind,19399.63
ORD008299,2025-01-28,Size Issue,24249.54
ORD008304,2024-08-27,Size Issue,7861.22
ORD008309,2023-10-02,Better Price Found Elsewhere,48315.28
ORD008310,2024-11-15,Wrong Item Delivered,27237.84
ORD008311,2025-02-08,Better Price Found Elsewhere,42226.78
ORD008316,2024-03-06,Product Damaged,35863.52
ORD008325,2025-01-21,Product Damaged,24157.64
ORD008330,2023-05-02,Product Damaged,11982.27
ORD008337,2025-02-24,Late Delivery,46408.07
ORD008339,2024-03-23,Late Delivery,14955.32
ORD008356,2025-03-15,Better Price Found Elsewhere,51564.52
ORD008380,2024-02-10,Quality Not as Expected,87972.45
ORD008384,2023-05-29,Better Price Found Elsewhere,25181.42
ORD008385,2023-01-31,Quality Not as Expected,20733.73
ORD008396,2023-04-20,Quality Not as Expected,15163.14
ORD008398,2023-09-19,Changed Mind,7074.1
ORD008399,2024-11-10,Size Issue,30326.28
ORD008417,2023-09-27,Size Issue,5447.55
ORD008429,2023-08-20,Quality Not as Expected,8035.31
ORD008433,2024-02-05,Product Damaged,40082.76
ORD008449,2024-06-11,Quality Not as Expected,23111.47
ORD008458,2024-04-17,Changed Mind,48499.08
ORD008467,2024-06-05,Late Delivery,7074.1
ORD008471,2024-07-04,Quality Not as Expected,6627.05
ORD008472,2023-01-14,Size Issue,6614.89
ORD008474,2024-07-07,Product Damaged,11915.89
ORD008485,2023-06-08,Late Delivery,43655.0
ORD008491,2023-05-01,Late Delivery,60760.42
ORD008496,2024-05-10,Product Damaged,24249.54
ORD008504,2024-06-24,Wrong Item Delivered,21565.22
ORD008507,2024-10-08,Wrong Item Delivered,92148.25
ORD008520,2023-11-20,Product Damaged,39473.43
ORD008522,2024-11-14,Better Price Found Elsewhere,30295.1
ORD008534,2023-04-18,Wrong Item Delivered,51646.36
ORD008537,2023-02-22,Quality Not as Expected,20486.96
ORD008544,2023-04-11,Late Delivery,70545.68
ORD008545,2023-12-16,Quality Not as Expected,53706.15
ORD008548,2024-12-07,Better Price Found Elsewhere,47692.44
ORD008550,2023-09-24,Size Issue,14513.61
ORD008554,2023-05-08,Wrong Item Delivered,21404.21
ORD008562,2025-06-28,Wrong Item Delivered,14075.59
ORD008565,2025-05-28,Changed Mind,25782.26
ORD008567,2023-04-23,Better Price Found Elsewhere,25782.26
ORD008572,2023-09-25,Better Price Found Elsewhere,10784.04
ORD008574,2024-06-26,Wrong Item Delivered,28861.2
ORD008585,2025-05-04,Size Issue,15060.77
ORD008592,2023-09-18,Changed Mind,24321.92
ORD008601,2025-03-27,Quality Not as Expected,25679.41
ORD008602,2024-06-23,Wrong Item Delivered,17902.05
ORD008603,2024-10-30,Better Price Found Elsewhere,25679.41
ORD008620,2023-12-26,Quality Not as Expected,48499.08
ORD008621,2025-07-18,Quality Not as Expected,20041.38
ORD008624,2024-09-28,Changed Mind,36526.36
ORD008633,2024-09-10,Wrong Item Delivered,24321.92
ORD008641,2023-05-21,Better Price Found Elsewhere,77469.54
ORD008642,2023-11-30,Size Issue,16734.19
ORD008644,2024-12-14,Quality Not as Expected,13618.92
ORD008646,2024-07-05,Better Price Found Elsewhere,18861.54
ORD008648,2025-01-17,Wrong Item Delivered,10905.06
ORD008655,2024-05-16,Size Issue,26981.58
ORD008662,2025-01-13,Late Delivery,41576.63
ORD008671,2023-12-07,Wrong Item Delivered,17041.0
ORD008682,2024-04-30,Changed Mind,17594.49
ORD008684,2023-05-23,Better Price Found Elsewhere,86583.6
ORD008687,2023-08-23,Wrong Item Delivered,84159.76
ORD008695,2023-05-07,Changed Mind,19040.21
ORD008701,2024-02-15,Changed Mind,18478.5
ORD008702,2023-12-08,Late Delivery,19802.3
ORD008715,2023-11-05,Size Issue,9585.82
ORD008717,2024-10-30,Size Issue,16974.68
ORD008730,2025-05-08,Wrong Item Delivered,22577.47
ORD008741,2023-02-13,Quality Not as Expected,70377.96
ORD008742,2023-10-23,Changed Mind,24493.15
ORD008750,2025-01-14,Wrong Item Delivered,16111.84
ORD008757,2025-05-27,Better Price Found Elsewhere,21096.19
ORD008765,2023-06-16,Quality Not as Expected,21096.19
ORD008773,2023-01-19,Better Price Found Elsewhere,9585.82
ORD008777,2025-01-03,Wrong Item Delivered,47030.45
ORD008780,2023-11-29,Wrong Item Delivered,19878.72
ORD008783,2023-08-14,Product Damaged,30380.21
ORD008787,2023-04-15,Better Price Found Elsewhere,20068.86
ORD008801,2023-09-29,Quality Not as Expected,51358.82
ORD008802,2024-06-19,Quality Not as Expected,17828.96
ORD008807,2023-12-10,Wrong Item Delivered,10905.06
ORD008810,2025-05-17,Wrong Item Delivered,15564.44
ORD008812,2023-05-02,Wrong Item Delivered,46196.26
ORD008813,2023-06-08,Late Delivery,20612.11
ORD008814,2024-06-25,Late Delivery,16168.69
ORD008821,2025-01-18,Late Delivery,39394.09
ORD008837,2023-05-15,Product Damaged,16184.18
ORD008845,2024-01-08,Better Price Found Elsewhere,18722.86
ORD008850,2023-05-03,Product Damaged,52783.47
ORD008855,2025-08-02,Product Damaged,18722.86
ORD008859,2025-03-09,Quality Not as Expected,35804.1
ORD008860,2023-12-11,Wrong Item Delivered,11479.01
ORD008876,2025-01-19,Late Delivery,14321.64
ORD008881,2024-07-19,Product Damaged,11785.37
ORD008890,2024-09-01,Better Price Found Elsewhere,23111.47
ORD008896,2023-10-16,Product Damaged,70377.96
ORD008897,2024-05-25,Quality Not as Expected,21810.12
ORD008901,2024-05-08,Wrong Item Delivered,21565.22
ORD008902,2024-01-04,Better Price Found Elsewhere,19633.41
ORD008907,2024-07-30,Wrong Item Delivered,22179.33
ORD008909,2024-07-08,Quality Not as Expected,117576.13
ORD008913,2023-11-23,Quality Not as Expected,17560.26
ORD008914,2024-05-05,Late Delivery,7074.1
ORD008915,2024-08-31,Changed Mind,17350.02
ORD008917,2023-09-19,Quality Not as Expected,44784.41
ORD008919,2023-10-03,Wrong Item Delivered,9143.6
ORD008920,2024-05-02,Size Issue,40082.76
ORD008923,2025-05-12,Product Damaged,25679.41
ORD008930,2023-09-11,Size Issue,20840.14
ORD008934,2025-04-23,Size Issue,11915.89
ORD008941,2023-11-05,Late Delivery,3275.51
ORD008943,2024-07-14,Product Damaged,38911.1
ORD008962,2025-07-11,Better Price Found Elsewhere,89510.25
ORD008963,2025-02-09,Wrong Item Delivered,25673.13
ORD008972,2023-09-24,Late Delivery,11785.37
ORD008973,2024-06-23,Wrong Item Delivered,37534.66
ORD008974,2023-07-09,Product Damaged,29027.22
ORD008981,2023-04-25,Quality Not as Expected,10751.26
ORD008990,2025-01-14,Size Issue,28448.12
ORD003195,2024-05-28,Size Issue,20733.73
ORD002522,2024-04-10,Changed Mind,6551.02
ORD004181,2025-02-13,Quality Not as Expected,10905.06
ORD000276,2024-03-04,Size Issue,39473.43
ORD005476,2024-06-06,Late Delivery,25181.42
ORD003897,2024-12-15,Product Damaged,11479.01
ORD001569,2024-04-30,Changed Mind,23098.13
ORD008814,2024-06-30,Better Price Found Elsewhere,16168.69
